bucket,n,delta_mean,delta_ci_low,delta_ci_high,wilcoxon_p
0,71,0.0016578181640409932,0.0008175995635729055,0.0024752344909666456,2.613208513225979e-05
1,70,0.002420566959233962,0.0015109889986656049,0.0032628319782602422,2.6878436853735036e-07
2,71,0.0026366813729550033,0.0017126254117610239,0.003593523174514512,8.679081004463993e-08
