bucket,n,delta_mean,delta_ci_low,delta_ci_high,wilcoxon_p
0,43,0.003596736704849628,0.002351203121787169,0.0047768651695032985,2.6033525273305713e-06
1,42,0.002340561444785188,0.00127910789663986,0.0033335238059967547,6.794282626287895e-06
2,42,0.0019687560010240115,0.0005557653287736023,0.003444115634728207,0.0004894997648534627
3,42,0.0019307506475448402,0.0010057577603764059,0.002932354857688348,0.0005407854478107765
4,43,0.00133968874520208,0.0005409791342784354,0.002169933767176863,0.0003794028850734321
