{
  "unet_results": {
    "dice": 0.9557480953328357,
    "iou": 0.91635744583616,
    "precision": 0.9580589254569988,
    "recall": 0.9555952557605967,
    "accuracy": 0.9778634557184184,
    "f1": 0.955748095332832,
    "dice_std": 0.025773718071834324,
    "iou_std": 0.045044097418630476
  },
  "attention_results": {
    "dice": 0.9579855913435575,
    "iou": 0.9205569030739832,
    "precision": 0.9630038406591046,
    "recall": 0.9551228619865488,
    "accuracy": 0.9789970146035248,
    "f1": 0.9579855913435542,
    "dice_std": 0.026702980786874695,
    "iou_std": 0.04677576316555498
  },
  "dice_improvement": 0.0022374960107218733,
  "better_model": "Attention U-Net"
}